video_id,filename,label
0000,id12_0004.mp4,real
0002,id27_0009.mp4,real
0004,id43_0004.mp4,real
0005,id46_0008.mp4,real
0006,id37_0007.mp4,real
0008,id61_0008.mp4,real
0011,id11_0001.mp4,real
0012,id3_0004.mp4,real
0013,id0_0001.mp4,real
0015,id17_0004.mp4,real
0016,id24_0006.mp4,real
0017,id1_0001.mp4,real
0019,id9_0000.mp4,real
0020,id32_0008.mp4,real
0021,id37_0000.mp4,real
0022,id39_0007.mp4,real
0023,id61_0005.mp4,real
0025,id2_0009.mp4,real
0026,id20_0008.mp4,real
0027,id22_0004.mp4,real
0030,id38_0006.mp4,real
0031,id55_0009.mp4,real
0032,id40_0006.mp4,real
0034,id46_0001.mp4,real
0035,id13_0005.mp4,real
0037,id50_0000.mp4,real
0038,id16_0009.mp4,real
0040,id6_0001.mp4,real
0041,id58_0008.mp4,real
0042,id25_0003.mp4,real
0043,id35_0002.mp4,real
0045,id57_0008.mp4,real
0046,id46_0005.mp4,real
0047,id2_0001.mp4,real
0048,id23_0005.mp4,real
0049,id12_0002.mp4,real
0050,id16_0001.mp4,real
0052,id59_0005.mp4,real
0053,id40_0005.mp4,real
0054,id40_0002.mp4,real
0055,id38_0005.mp4,real
0056,id29_0002.mp4,real
0057,id46_0004.mp4,real
0059,id46_0009.mp4,real
0061,id4_0009.mp4,real
0063,id0_0000.mp4,real
0064,id6_0002.mp4,real
0065,id43_0008.mp4,real
0067,id31_0005.mp4,real
0068,id13_0014.mp4,real
0069,id31_0008.mp4,real
0071,id24_0008.mp4,real
0072,id39_0008.mp4,real
0074,id13_0007.mp4,real
0076,id43_0009.mp4,real
0077,id28_0005.mp4,real
0078,id34_0000.mp4,real
0079,id57_0002.mp4,real
0081,id50_0003.mp4,real
0083,id44_0004.mp4,real
0087,id2_0008.mp4,real
0089,id21_0002.mp4,real
0090,id4_0008.mp4,real
0091,id11_0009.mp4,real
0092,id20_0009.mp4,real
0093,id5_0003.mp4,real
0095,id0_0002.mp4,real
0097,id57_0007.mp4,real
0098,id16_0000.mp4,real
0099,id54_0009.mp4,real
0100,id31_0001.mp4,real
0101,id1_0007.mp4,real
0103,id27_0007.mp4,real
0104,id57_0000.mp4,real
0105,id47_0004.mp4,real
0106,id16_0007.mp4,real
0107,id37_0006.mp4,real
0108,id54_0001.mp4,real
0109,id39_0002.mp4,real
0111,id37_0003.mp4,real
0112,id6_0006.mp4,real
0113,id1_0004.mp4,real
0114,id59_0003.mp4,real
0115,id16_0011.mp4,real
0116,id19_0001.mp4,real
0119,id16_0005.mp4,real
0121,id6_0000.mp4,real
0122,id11_0007.mp4,real
0123,id54_0005.mp4,real
0124,id51_0003.mp4,real
0125,id48_0008.mp4,real
0126,id59_0009.mp4,real
0129,id46_0000.mp4,real
0130,id24_0002.mp4,real
0131,id49_0006.mp4,real
0133,id51_0009.mp4,real
0134,id48_0003.mp4,real
0135,id9_0008.mp4,real
0136,id1_0005.mp4,real
0137,id58_0005.mp4,real
0138,id13_0012.mp4,real
0139,id39_0009.mp4,real
0140,id47_0005.mp4,real
0142,id19_0006.mp4,real
0143,id26_0006.mp4,real
0144,id31_0003.mp4,real
0145,id21_0000.mp4,real
0146,id39_0001.mp4,real
0149,id33_0008.mp4,real
0152,id56_0004.mp4,real
0153,id7_0004.mp4,real
0154,id55_0001.mp4,real
0155,id39_0000.mp4,real
0156,id59_0006.mp4,real
0157,id11_0003.mp4,real
0158,id28_0008.mp4,real
0159,id38_0004.mp4,real
0161,id58_0006.mp4,real
0162,id47_0000.mp4,real
0163,id34_0004.mp4,real
0164,id10_0003.mp4,real
0165,id13_0001.mp4,real
0166,id46_0006.mp4,real
0167,id1_0000.mp4,real
0168,id6_0005.mp4,real
0169,id2_0007.mp4,real
0170,id59_0007.mp4,real
0171,id40_0000.mp4,real
0172,id55_0004.mp4,real
0173,id20_0002.mp4,real
0175,id38_0008.mp4,real
0176,id39_0004.mp4,real
0177,id55_0007.mp4,real
0180,id50_0002.mp4,real
0181,id31_0002.mp4,real
0182,id23_0009.mp4,real
0183,id41_0000.mp4,real
0184,id54_0004.mp4,real
0185,id43_0007.mp4,real
0186,id12_0000.mp4,real
0187,id33_0007.mp4,real
0189,id53_0006.mp4,real
0190,id16_0004.mp4,real
0191,id30_0004.mp4,real
0192,id19_0000.mp4,real
0193,id49_0008.mp4,real
0194,id48_0001.mp4,real
0196,id20_0003.mp4,real
0200,id27_0008.mp4,real
0202,id55_0000.mp4,real
0204,id17_0000.mp4,real
0205,id28_0000.mp4,real
0206,id45_0009.mp4,real
0207,id13_0009.mp4,real
0209,id37_0009.mp4,real
0210,id8_0004.mp4,real
0211,id3_0005.mp4,real
0213,id7_0006.mp4,real
0216,id13_0008.mp4,real
0217,id51_0008.mp4,real
0223,id16_0006.mp4,real
0224,id49_0005.mp4,real
0225,id29_0005.mp4,real
0227,id31_0004.mp4,real
0230,id43_0000.mp4,real
0231,id37_0008.mp4,real
0232,id7_0002.mp4,real
0235,id1_0009.mp4,real
0236,id23_0001.mp4,real
0237,id56_0003.mp4,real
0242,id30_0003.mp4,real
0243,id44_0002.mp4,real
0244,id12_0001.mp4,real
0245,id57_0009.mp4,real
0246,id39_0006.mp4,real
0247,id54_0008.mp4,real
0248,id41_0002.mp4,real
0249,id33_0009.mp4,real
0250,id45_0004.mp4,real
0251,id24_0004.mp4,real
0252,id5_0007.mp4,real
0253,id58_0003.mp4,real
0254,id24_0005.mp4,real
0255,id47_0007.mp4,real
0257,id28_0004.mp4,real
0258,id3_0001.mp4,real
0259,id52_0006.mp4,real
0260,id30_0002.mp4,real
0261,id51_0006.mp4,real
0262,id11_0002.mp4,real
0264,id17_0009.mp4,real
0265,id32_0000.mp4,real
0266,id3_0007.mp4,real
0268,id19_0007.mp4,real
0269,id48_0005.mp4,real
0270,id51_0007.mp4,real
0271,id50_0009.mp4,real
0273,id11_0006.mp4,real
0276,id50_0006.mp4,real
0277,id16_0013.mp4,real
0278,id30_0009.mp4,real
0279,id2_0004.mp4,real
0281,id40_0008.mp4,real
0282,id53_0004.mp4,real
0283,id19_0004.mp4,real
0284,id9_0005.mp4,real
0286,id17_0003.mp4,real
0287,id52_0009.mp4,real
0289,id13_0003.mp4,real
0292,id47_0002.mp4,real
0293,id2_0003.mp4,real
0294,id20_0006.mp4,real
0295,id13_0000.mp4,real
0296,id30_0001.mp4,real
0298,id22_0006.mp4,real
0299,id42_0004.mp4,real
0300,id52_0005.mp4,real
0301,id41_0009.mp4,real
0303,id4_0003.mp4,real
0304,id10_0007.mp4,real
0305,id27_0002.mp4,real
0306,id21_0008.mp4,real
0307,id44_0003.mp4,real
0308,id30_0007.mp4,real
0309,id7_0003.mp4,real
0310,id47_0003.mp4,real
0311,id42_0000.mp4,real
0312,id34_0005.mp4,real
0313,id20_0001.mp4,real
0315,id7_0007.mp4,real
0316,id8_0006.mp4,real
0319,id35_0000.mp4,real
0320,id54_0002.mp4,real
0323,id27_0000.mp4,real
0324,id35_0008.mp4,real
0325,id45_0002.mp4,real
0326,id28_0006.mp4,real
0327,id54_0000.mp4,real
0329,id45_0003.mp4,real
0330,id26_0009.mp4,real
0331,id22_0009.mp4,real
0333,id53_0000.mp4,real
0335,id43_0005.mp4,real
0336,id43_0003.mp4,real
0337,id28_0002.mp4,real
0339,id29_0009.mp4,real
0340,id57_0005.mp4,real
0342,id9_0003.mp4,real
0348,id0_0004.mp4,real
0349,id35_0006.mp4,real
0350,id10_0005.mp4,real
0351,id41_0001.mp4,real
0353,id10_0000.mp4,real
0354,id20_0004.mp4,real
0355,id8_0007.mp4,real
0356,id35_0001.mp4,real
0357,id49_0000.mp4,real
0358,id26_0008.mp4,real
0359,id42_0001.mp4,real
0360,id9_0001.mp4,real
0361,id9_0002.mp4,real
0362,id30_0008.mp4,real
0363,id44_0005.mp4,real
0365,id55_0002.mp4,real
0369,id46_0003.mp4,real
0370,id61_0009.mp4,real
0371,id1_0003.mp4,real
0372,id40_0001.mp4,real
0373,id36_0005.mp4,real
0376,id3_0006.mp4,real
0377,id11_0005.mp4,real
0379,id33_0003.mp4,real
0380,id20_0005.mp4,real
0381,id27_0004.mp4,real
0383,id24_0001.mp4,real
0384,id29_0008.mp4,real
0385,id56_0005.mp4,real
0387,id13_0002.mp4,real
0389,id6_0004.mp4,real
0390,id12_0005.mp4,real
0392,id25_0007.mp4,real
0393,id57_0004.mp4,real
0394,id48_0002.mp4,real
0395,id25_0008.mp4,real
0396,id0_0007.mp4,real
0397,id28_0003.mp4,real
0398,id57_0001.mp4,real
0399,id5_0006.mp4,real
0400,id37_0005.mp4,real
0401,id1_0006.mp4,real
0402,id25_0004.mp4,real
0404,id13_0013.mp4,real
0406,id22_0002.mp4,real
0408,id25_0006.mp4,real
0410,id10_0004.mp4,real
0411,id19_0009.mp4,real
0412,id19_0005.mp4,real
0413,id52_0008.mp4,real
0415,id53_0002.mp4,real
0416,id58_0009.mp4,real
0418,id2_0006.mp4,real
0420,id54_0003.mp4,real
0421,id12_0006.mp4,real
0423,id22_0008.mp4,real
0424,id49_0007.mp4,real
0427,id58_0001.mp4,real
0428,id53_0008.mp4,real
0429,id22_0005.mp4,real
0432,id56_0000.mp4,real
0433,id8_0002.mp4,real
0434,id46_0002.mp4,real
0436,id61_0000.mp4,real
0437,id25_0010.mp4,real
0438,id53_0003.mp4,real
0439,id13_0011.mp4,real
0440,id28_0009.mp4,real
0442,id35_0009.mp4,real
0443,id49_0001.mp4,real
0444,id27_0006.mp4,real
0446,id10_0008.mp4,real
0449,id40_0003.mp4,real
0451,id3_0009.mp4,real
0453,id51_0004.mp4,real
0454,id37_0004.mp4,real
0457,id49_0004.mp4,real
0458,id9_0004.mp4,real
0459,id37_0001.mp4,real
0460,id43_0001.mp4,real
0461,id33_0006.mp4,real
0462,id41_0006.mp4,real
0466,id21_0006.mp4,real
0467,id0_0006.mp4,real
0468,id32_0001.mp4,real
0469,id3_0002.mp4,real
0470,id47_0008.mp4,real
0471,id45_0001.mp4,real
0473,id50_0004.mp4,real
0475,id6_0009.mp4,real
0477,id58_0002.mp4,real
0478,id31_0009.mp4,real
0479,id38_0001.mp4,real
0480,id34_0001.mp4,real
0481,id6_0008.mp4,real
0482,id52_0000.mp4,real
0483,id53_0005.mp4,real
0484,id46_0007.mp4,real
0485,id47_0006.mp4,real
0486,id20_0007.mp4,real
0488,id25_0009.mp4,real
0489,id22_0001.mp4,real
0490,id4_0002.mp4,real
0494,id26_0003.mp4,real
0495,id17_0005.mp4,real
0496,id21_0004.mp4,real
0498,id9_0009.mp4,real
0499,id49_0003.mp4,real
0502,id41_0008.mp4,real
0504,id56_0002.mp4,real
0506,id58_0004.mp4,real
0507,id44_0001.mp4,real
0508,id41_0007.mp4,real
0510,id51_0002.mp4,real
0512,id3_0003.mp4,real
0514,id9_0006.mp4,real
0515,id3_0008.mp4,real
0516,id32_0007.mp4,real
0517,id57_0006.mp4,real
0519,id4_0004.mp4,real
0520,id16_0003.mp4,real
0521,id51_0000.mp4,real
0522,id2_0000.mp4,real
0523,id43_0006.mp4,real
0524,id45_0006.mp4,real
0526,id29_0004.mp4,real
0527,id48_0009.mp4,real
0528,id11_0000.mp4,real
0530,id54_0006.mp4,real
0532,id34_0008.mp4,real
0533,id50_0007.mp4,real
0534,id45_0008.mp4,real
0537,id47_0001.mp4,real
0538,id56_0009.mp4,real
0539,id30_0005.mp4,real
0540,id1_0002.mp4,real
0541,id53_0007.mp4,real
0542,id56_0006.mp4,real
0543,id43_0002.mp4,real
0547,id57_0003.mp4,real
0548,id10_0002.mp4,real
0549,id42_0002.mp4,real
0550,id21_0005.mp4,real
0551,id59_0008.mp4,real
0552,id2_0002.mp4,real
0553,id48_0004.mp4,real
0556,id53_0009.mp4,real
0557,id33_0005.mp4,real
0558,id17_0007.mp4,real
0559,id56_0008.mp4,real
0560,id55_0006.mp4,real
0561,id47_0009.mp4,real
0562,id31_0006.mp4,real
0563,id8_0005.mp4,real
0565,id59_0004.mp4,real
0566,id56_0001.mp4,real
0568,id39_0005.mp4,real
0570,id29_0003.mp4,real
0572,id11_0008.mp4,real
0573,id24_0003.mp4,real
0574,id13_0015.mp4,real
0575,id32_0004.mp4,real
0576,id0_0008.mp4,real
0577,id37_0002.mp4,real
30000,id1_id0_0005.mp4,fake
30003,id3_id0_0005.mp4,fake
30004,id16_id0_0003.mp4,fake
30005,id40_id41_0006.mp4,fake
30006,id32_id21_0000.mp4,fake
30008,id46_id41_0007.mp4,fake
30009,id3_id16_0006.mp4,fake
30011,id28_id4_0008.mp4,fake
30013,id9_id1_0000.mp4,fake
30014,id55_id50_0001.mp4,fake
30015,id1_id21_0001.mp4,fake
30016,id51_id53_0009.mp4,fake
30017,id6_id3_0008.mp4,fake
30018,id31_id3_0006.mp4,fake
30020,id17_id9_0006.mp4,fake
30024,id56_id53_0006.mp4,fake
30025,id9_id16_0005.mp4,fake
30029,id20_id23_0006.mp4,fake
30030,id16_id9_0007.mp4,fake
30031,id1_id16_0007.mp4,fake
30032,id2_id23_0004.mp4,fake
30033,id29_id30_0008.mp4,fake
30034,id3_id9_0006.mp4,fake
30036,id34_id30_0004.mp4,fake
30038,id6_id26_0008.mp4,fake
30039,id3_id16_0002.mp4,fake
30040,id38_id31_0005.mp4,fake
30044,id23_id29_0009.mp4,fake
30047,id41_id44_0002.mp4,fake
30048,id38_id31_0006.mp4,fake
30049,id57_id56_0007.mp4,fake
30050,id1_id21_0003.mp4,fake
30051,id25_id20_0008.mp4,fake
30052,id20_id22_0008.mp4,fake
30054,id6_id35_0005.mp4,fake
30055,id56_id50_0002.mp4,fake
30056,id21_id9_0002.mp4,fake
30057,id50_id55_0006.mp4,fake
30058,id56_id58_0000.mp4,fake
30059,id20_id32_0002.mp4,fake
30060,id54_id53_0008.mp4,fake
30061,id8_id4_0007.mp4,fake
30063,id43_id39_0006.mp4,fake
30065,id17_id16_0003.mp4,fake
30066,id30_id33_0001.mp4,fake
30068,id56_id54_0006.mp4,fake
30071,id22_id23_0005.mp4,fake
30072,id38_id31_0008.mp4,fake
30073,id57_id50_0004.mp4,fake
30074,id35_id2_0008.mp4,fake
30075,id28_id34_0005.mp4,fake
30076,id32_id28_0000.mp4,fake
30077,id41_id43_0001.mp4,fake
30078,id57_id56_0002.mp4,fake
30079,id54_id55_0001.mp4,fake
30080,id43_id40_0002.mp4,fake
30081,id16_id35_0013.mp4,fake
30082,id28_id35_0005.mp4,fake
30083,id22_id27_0004.mp4,fake
30084,id6_id2_0005.mp4,fake
30085,id29_id35_0002.mp4,fake
30086,id49_id51_0007.mp4,fake
30087,id4_id30_0005.mp4,fake
30088,id46_id43_0007.mp4,fake
30091,id30_id31_0003.mp4,fake
30092,id0_id21_0002.mp4,fake
30093,id1_id35_0003.mp4,fake
30094,id46_id45_0000.mp4,fake
30095,id50_id55_0007.mp4,fake
30096,id30_id23_0004.mp4,fake
30097,id37_id20_0005.mp4,fake
30098,id6_id31_0006.mp4,fake
30099,id25_id23_0008.mp4,fake
30100,id28_id2_0006.mp4,fake
30101,id45_id43_0000.mp4,fake
30102,id32_id34_0004.mp4,fake
30103,id2_id35_0003.mp4,fake
30104,id21_id19_0005.mp4,fake
30105,id17_id6_0009.mp4,fake
30107,id35_id37_0000.mp4,fake
30108,id41_id40_0009.mp4,fake
30109,id1_id30_0003.mp4,fake
30110,id4_id37_0004.mp4,fake
30112,id9_id28_0009.mp4,fake
30114,id25_id23_0003.mp4,fake
30115,id56_id55_0006.mp4,fake
30117,id2_id37_0002.mp4,fake
30118,id20_id6_0006.mp4,fake
30119,id53_id51_0002.mp4,fake
30120,id20_id19_0002.mp4,fake
30122,id9_id17_0004.mp4,fake
30123,id3_id6_0003.mp4,fake
30124,id35_id38_0002.mp4,fake
30125,id50_id56_0000.mp4,fake
30126,id3_id20_0003.mp4,fake
30127,id17_id1_0007.mp4,fake
30128,id49_id54_0001.mp4,fake
30129,id10_id11_0003.mp4,fake
30130,id47_id43_0002.mp4,fake
30131,id31_id1_0000.mp4,fake
30133,id26_id32_0003.mp4,fake
30134,id31_id4_0002.mp4,fake
30136,id35_id29_0002.mp4,fake
30137,id16_id37_0009.mp4,fake
30138,id2_id28_0003.mp4,fake
30139,id28_id37_0004.mp4,fake
30140,id1_id3_0002.mp4,fake
30141,id0_id16_0000.mp4,fake
30144,id21_id37_0006.mp4,fake
30146,id1_id20_0000.mp4,fake
30148,id20_id34_0002.mp4,fake
30151,id3_id9_0003.mp4,fake
30153,id2_id1_0007.mp4,fake
30154,id29_id21_0005.mp4,fake
30155,id31_id3_0002.mp4,fake
30156,id53_id50_0007.mp4,fake
30157,id49_id55_0004.mp4,fake
30158,id35_id16_0008.mp4,fake
30159,id56_id58_0006.mp4,fake
30160,id20_id9_0004.mp4,fake
30161,id20_id6_0008.mp4,fake
30163,id28_id1_0003.mp4,fake
30164,id0_id28_0004.mp4,fake
30165,id55_id50_0007.mp4,fake
30166,id24_id21_0003.mp4,fake
30168,id47_id40_0000.mp4,fake
30169,id48_id39_0002.mp4,fake
30170,id45_id44_0003.mp4,fake
30171,id53_id52_0002.mp4,fake
30173,id41_id48_0002.mp4,fake
30176,id21_id4_0002.mp4,fake
30177,id17_id28_0005.mp4,fake
30178,id31_id28_0001.mp4,fake
30179,id47_id45_0007.mp4,fake
30180,id54_id58_0005.mp4,fake
30181,id49_id56_0001.mp4,fake
30182,id37_id32_0000.mp4,fake
30183,id1_id6_0003.mp4,fake
30184,id53_id51_0004.mp4,fake
30185,id49_id54_0003.mp4,fake
30186,id31_id26_0005.mp4,fake
30187,id39_id43_0006.mp4,fake
30188,id13_id7_0007.mp4,fake
30190,id6_id4_0005.mp4,fake
30191,id35_id37_0008.mp4,fake
30192,id44_id42_0003.mp4,fake
30195,id37_id31_0000.mp4,fake
30197,id31_id30_0009.mp4,fake
30198,id35_id4_0001.mp4,fake
30199,id44_id48_0002.mp4,fake
30201,id20_id21_0001.mp4,fake
30202,id31_id33_0000.mp4,fake
30203,id28_id22_0009.mp4,fake
30204,id56_id57_0002.mp4,fake
30205,id3_id20_0009.mp4,fake
30207,id26_id16_0003.mp4,fake
30209,id28_id17_0003.mp4,fake
30210,id23_id9_0001.mp4,fake
30212,id25_id27_0008.mp4,fake
30213,id12_id7_0006.mp4,fake
30214,id30_id1_0005.mp4,fake
30215,id50_id52_0009.mp4,fake
30216,id28_id3_0008.mp4,fake
30217,id52_id49_0009.mp4,fake
30218,id48_id39_0008.mp4,fake
30219,id31_id28_0002.mp4,fake
30220,id23_id35_0009.mp4,fake
30221,id28_id29_0000.mp4,fake
30222,id59_id60_0006.mp4,fake
30223,id46_id43_0005.mp4,fake
30224,id38_id26_0004.mp4,fake
30227,id16_id0_0009.mp4,fake
30228,id20_id30_0006.mp4,fake
30230,id35_id37_0005.mp4,fake
30232,id54_id56_0009.mp4,fake
30233,id23_id29_0001.mp4,fake
30234,id57_id52_0006.mp4,fake
30236,id48_id39_0004.mp4,fake
30238,id17_id21_0005.mp4,fake
30239,id54_id49_0002.mp4,fake
30240,id37_id3_0004.mp4,fake
30241,id32_id33_0008.mp4,fake
30242,id33_id29_0007.mp4,fake
30243,id56_id54_0000.mp4,fake
30244,id53_id55_0008.mp4,fake
30245,id10_id12_0005.mp4,fake
30246,id58_id51_0006.mp4,fake
30247,id2_id30_0008.mp4,fake
30248,id46_id47_0005.mp4,fake
30249,id2_id4_0008.mp4,fake
30251,id35_id33_0002.mp4,fake
30252,id21_id31_0002.mp4,fake
30253,id37_id23_0005.mp4,fake
30254,id3_id20_0001.mp4,fake
30256,id34_id29_0005.mp4,fake
30257,id38_id20_0005.mp4,fake
30258,id51_id56_0006.mp4,fake
30259,id9_id35_0001.mp4,fake
30260,id1_id37_0001.mp4,fake
30261,id6_id2_0002.mp4,fake
30262,id54_id53_0000.mp4,fake
30263,id49_id54_0007.mp4,fake
30264,id19_id23_0000.mp4,fake
30266,id54_id49_0001.mp4,fake
30267,id29_id35_0003.mp4,fake
30270,id21_id25_0008.mp4,fake
30271,id28_id26_0008.mp4,fake
30272,id9_id28_0000.mp4,fake
30273,id53_id50_0002.mp4,fake
30274,id42_id39_0002.mp4,fake
30275,id33_id34_0003.mp4,fake
30277,id16_id1_0009.mp4,fake
30279,id3_id21_0008.mp4,fake
30281,id51_id54_0008.mp4,fake
30282,id31_id2_0002.mp4,fake
30283,id46_id42_0000.mp4,fake
30285,id19_id25_0001.mp4,fake
30286,id49_id56_0006.mp4,fake
30287,id16_id20_0005.mp4,fake
30289,id4_id31_0003.mp4,fake
30290,id21_id4_0008.mp4,fake
30291,id56_id50_0001.mp4,fake
30293,id26_id6_0003.mp4,fake
30294,id30_id33_0007.mp4,fake
30295,id27_id28_0009.mp4,fake
30298,id2_id0_0006.mp4,fake
30299,id20_id2_0009.mp4,fake
30301,id24_id25_0006.mp4,fake
30302,id49_id53_0000.mp4,fake
30303,id8_id1_0007.mp4,fake
30304,id9_id35_0004.mp4,fake
30305,id17_id0_0003.mp4,fake
30306,id55_id56_0007.mp4,fake
30308,id38_id28_0008.mp4,fake
30309,id46_id48_0005.mp4,fake
30310,id20_id37_0005.mp4,fake
30311,id39_id46_0007.mp4,fake
30312,id8_id1_0008.mp4,fake
30313,id46_id42_0008.mp4,fake
30314,id45_id48_0009.mp4,fake
30315,id23_id0_0000.mp4,fake
30317,id31_id28_0000.mp4,fake
30319,id45_id47_0003.mp4,fake
30321,id20_id30_0003.mp4,fake
30322,id57_id53_0003.mp4,fake
30324,id21_id24_0002.mp4,fake
30325,id35_id20_0006.mp4,fake
30326,id45_id47_0008.mp4,fake
30329,id16_id3_0011.mp4,fake
30330,id19_id21_0000.mp4,fake
30332,id54_id58_0006.mp4,fake
30333,id6_id31_0001.mp4,fake
30334,id58_id53_0006.mp4,fake
30335,id16_id30_0001.mp4,fake
30337,id23_id2_0001.mp4,fake
30338,id24_id22_0001.mp4,fake
30340,id48_id39_0005.mp4,fake
30341,id28_id34_0002.mp4,fake
30343,id51_id58_0004.mp4,fake
30344,id23_id28_0009.mp4,fake
30345,id20_id23_0003.mp4,fake
30346,id30_id6_0001.mp4,fake
30347,id51_id54_0000.mp4,fake
30348,id6_id26_0004.mp4,fake
30350,id21_id33_0008.mp4,fake
30351,id28_id26_0006.mp4,fake
30354,id37_id35_0005.mp4,fake
30355,id23_id16_0006.mp4,fake
30358,id16_id9_0009.mp4,fake
30359,id43_id40_0004.mp4,fake
30360,id1_id16_0002.mp4,fake
30361,id40_id39_0005.mp4,fake
30364,id31_id21_0000.mp4,fake
30365,id56_id51_0003.mp4,fake
30366,id20_id1_0002.mp4,fake
30367,id20_id25_0005.mp4,fake
30368,id0_id16_0007.mp4,fake
30369,id23_id0_0001.mp4,fake
30370,id47_id48_0002.mp4,fake
30371,id42_id44_0003.mp4,fake
30373,id35_id31_0000.mp4,fake
30374,id21_id3_0002.mp4,fake
30375,id2_id9_0004.mp4,fake
30378,id21_id4_0005.mp4,fake
30379,id21_id24_0000.mp4,fake
30380,id3_id26_0005.mp4,fake
30382,id37_id34_0008.mp4,fake
30383,id37_id4_0007.mp4,fake
30385,id25_id22_0008.mp4,fake
30386,id27_id20_0007.mp4,fake
30387,id21_id31_0006.mp4,fake
30389,id45_id39_0006.mp4,fake
30391,id2_id17_0006.mp4,fake
30392,id43_id47_0005.mp4,fake
30393,id37_id30_0001.mp4,fake
30394,id10_id12_0004.mp4,fake
30397,id28_id37_0006.mp4,fake
30398,id29_id33_0009.mp4,fake
30399,id51_id55_0007.mp4,fake
30401,id2_id20_0008.mp4,fake
30402,id28_id33_0002.mp4,fake
30403,id2_id30_0003.mp4,fake
30404,id29_id21_0008.mp4,fake
30405,id53_id56_0006.mp4,fake
30406,id40_id39_0008.mp4,fake
30407,id35_id38_0009.mp4,fake
30408,id30_id2_0001.mp4,fake
30409,id29_id38_0005.mp4,fake
30410,id46_id41_0004.mp4,fake
30411,id53_id58_0008.mp4,fake
30412,id53_id54_0002.mp4,fake
30413,id43_id47_0009.mp4,fake
30414,id55_id49_0006.mp4,fake
30415,id30_id35_0003.mp4,fake
30416,id28_id20_0008.mp4,fake
30417,id42_id48_0000.mp4,fake
30418,id30_id32_0009.mp4,fake
30419,id53_id50_0009.mp4,fake
30420,id13_id7_0009.mp4,fake
30421,id16_id9_0011.mp4,fake
30424,id57_id58_0002.mp4,fake
30425,id46_id42_0002.mp4,fake
30426,id16_id17_0013.mp4,fake
30427,id37_id20_0004.mp4,fake
30428,id3_id26_0006.mp4,fake
30429,id19_id25_0004.mp4,fake
30430,id13_id7_0007.mp4,fake
30431,id28_id6_0002.mp4,fake
30432,id24_id21_0003.mp4,fake
30433,id37_id1_0007.mp4,fake
30434,id26_id32_0006.mp4,fake
30435,id37_id31_0000.mp4,fake
30436,id28_id22_0002.mp4,fake
30438,id51_id54_0000.mp4,fake
30439,id40_id39_0008.mp4,fake
30440,id17_id1_0009.mp4,fake
30441,id24_id28_0005.mp4,fake
30442,id21_id38_0008.mp4,fake
30443,id16_id3_0001.mp4,fake
30444,id2_id16_0005.mp4,fake
30445,id9_id37_0004.mp4,fake
30449,id40_id41_0009.mp4,fake
30450,id53_id58_0002.mp4,fake
30451,id20_id24_0003.mp4,fake
30452,id40_id41_0002.mp4,fake
30453,id45_id48_0004.mp4,fake
30454,id16_id1_0005.mp4,fake
30455,id2_id9_0006.mp4,fake
30456,id21_id16_0006.mp4,fake
30457,id35_id4_0009.mp4,fake
30458,id21_id17_0006.mp4,fake
30460,id41_id47_0006.mp4,fake
30461,id30_id6_0009.mp4,fake
30463,id2_id30_0008.mp4,fake
30464,id26_id20_0005.mp4,fake
30467,id9_id28_0009.mp4,fake
30469,id31_id20_0002.mp4,fake
30471,id41_id42_0003.mp4,fake
30472,id6_id26_0000.mp4,fake
30473,id0_id9_0002.mp4,fake
30474,id37_id28_0004.mp4,fake
30475,id41_id40_0000.mp4,fake
30476,id34_id26_0005.mp4,fake
30477,id39_id48_0009.mp4,fake
30478,id30_id17_0009.mp4,fake
30479,id35_id34_0000.mp4,fake
30481,id48_id46_0007.mp4,fake
30482,id28_id30_0009.mp4,fake
30484,id12_id10_0005.mp4,fake
30485,id38_id21_0001.mp4,fake
30486,id44_id47_0003.mp4,fake
30488,id50_id57_0004.mp4,fake
30489,id51_id56_0000.mp4,fake
30491,id21_id17_0008.mp4,fake
30492,id32_id34_0007.mp4,fake
30493,id9_id0_0003.mp4,fake
30495,id35_id26_0002.mp4,fake
30496,id52_id49_0009.mp4,fake
30497,id12_id10_0002.mp4,fake
30500,id28_id17_0009.mp4,fake
30501,id9_id20_0006.mp4,fake
30502,id41_id44_0005.mp4,fake
30503,id30_id1_0005.mp4,fake
30505,id19_id27_0004.mp4,fake
30506,id20_id1_0007.mp4,fake
30507,id56_id55_0006.mp4,fake
30508,id21_id27_0002.mp4,fake
30510,id28_id31_0008.mp4,fake
30511,id16_id23_0009.mp4,fake
30512,id24_id28_0006.mp4,fake
30513,id51_id49_0006.mp4,fake
30514,id17_id2_0004.mp4,fake
30515,id17_id20_0007.mp4,fake
30516,id4_id2_0008.mp4,fake
30517,id33_id32_0008.mp4,fake
30518,id52_id57_0000.mp4,fake
30519,id42_id44_0002.mp4,fake
30520,id3_id35_0007.mp4,fake
30521,id28_id22_0005.mp4,fake
30522,id28_id32_0009.mp4,fake
30523,id28_id9_0004.mp4,fake
30524,id27_id20_0000.mp4,fake
30525,id34_id31_0009.mp4,fake
30526,id20_id19_0002.mp4,fake
30527,id57_id55_0003.mp4,fake
30528,id50_id49_0005.mp4,fake
30529,id28_id1_0000.mp4,fake
30530,id6_id3_0002.mp4,fake
30531,id1_id28_0003.mp4,fake
30532,id0_id17_0000.mp4,fake
30533,id50_id55_0003.mp4,fake
30535,id37_id21_0006.mp4,fake
